Transaction;Item;;;Названия столбцов;;;;;;;;;;;;;;;;;;;
1;Ball;;Названия строк;Ball;Bicycle;Cap;Dumbbells;Gloves;Mat;Racket;Shorts;Sneakers;T-shirt;Water;Общий итог;;;Предмет 1;Предмет 2;Частота появления;поддержка;достоверность;значимость
1;T-shirt;;1;1;;;;;;;1;1;1;;4;;;Ball;Shorts;10;0,333333333;0,555555556;
1;Shorts;;2;1;;1;;;;;;1;1;;4;;;Ball;Sneakers;10;0,333333333;0,555555556;
1;Sneakers;;3;;;;1;1;1;;;;;;3;;;Ball;T-shirt;16;0,533333333;0,888888889;1,15942029
2;Cap;;;1;;;;;;;1;;1;1;4;;;Shorts;Ball;10;0,333333333;0,769230769;
2;T-shirt;;5;;1;1;;1;;;;;;;3;;;Shorts;Sneakers;6;0,2;0,461538462;
2;Sneakers;;6;1;;;;;;;1;1;1;;4;;;Shorts;T-shirt;12;0,4;0,923076923;1,204013378
2;Ball;;7;1;;1;;;;1;;;;;3;;;Sneakers;Ball;10;0,333333333;0,769230769;
3;Dumbbells;;8;;;;1;;;;;1;1;;3;;;Sneakers;Shorts;6;0,2;0,461538462;
3;Mat;;9;1;;;;;;;1;1;1;1;5;;;Sneakers;T-shirt;10;0,333333333;0,769230769;
3;Gloves;;10;;;;;1;1;;;;1;;3;;;T-shirt;Ball;16;0,533333333;0,695652174;1,15942029
4;T-shirt;;11;1;;1;;;;;;;1;;3;;;T-shirt;Shorts;12;0,4;0,52173913;1,204013378
4;Shorts;;12;;;;1;;;;1;1;;;3;;;T-shirt;Sneakers;10;0,333333333;0,434782609;
4;Ball;;13;1;;1;;;;;1;;1;;4;;;;;;;;
4;Water;;14;;1;1;;;;;;;1;;3;;;;;;;;
5;Bicycle;;15;1;;;;;;;1;1;1;;4;;Предмет 1;Предмет 2;Предмет 3;Частота появления;;;
5;Cap;;16;;;;1;;1;;;;;1;3;;Ball;Shorts;Sneakers;5;;;
5;Gloves;;17;1;;;;;;;1;;1;;3;;Ball;Shorts;T-shirt;10;;;
6;T-shirt;;18;;;1;;1;;;;1;;;3;;Ball;Sneakers;T-shirt;9;;;
6;Sneakers;;19;1;;;;;;;;1;1;;3;;Shorts;Sneakers;T-shirt;5;;;
6;Ball;;20;1;;;;;;;1;;1;;3;;;;;;;;
6;Shorts;;21;;;1;;;;1;;;1;;3;;;;;;;;
7;Racket;;22;1;;;1;;;;;1;;;3;;;;;;;;
7;Ball;;23;1;;1;;;;;;;1;;3;;;;;;;;
7;Cap;;24;;;;;1;;;1;;1;;3;;;;;;;;
8;Sneakers;;25;1;;;;;;;;1;1;;3;;;;;;;;
8;T-shirt;;26;;;1;;;;;1;;1;1;4;;;;;;;;
8;Dumbbells;;27;1;;;;;;;;1;1;;3;;;;;;;;
9;Ball;;28;;;;1;;1;;;;1;;3;;;;;;;;
9;Shorts;;29;1;;1;;;;;1;;1;;4;;;;;;;;
9;T-shirt;;30;1;;;;;;;1;1;1;;4;;;;;;;;
9;Sneakers;;Общий итог;18;2;11;6;5;4;2;13;13;23;4;101;;порог=12;;;;;;
9;Water;;;;;;;;;;;;;;;;;;;;;;
10;Mat;;;;;;;;;;;;;;;;;;;;;;
10;T-shirt;;;;;;;;;;;;;;;;;;;;;;
10;Gloves;;;;;;;;;;;;;;;;;;;;;;
11;Cap;;;;;;;;;;;;;;;;;;;;;;
11;T-shirt;;;;;;;;;;;;;;;;;;;;;;
11;Ball;;;;;;;;;;;;;;;;;;;;;;
12;Dumbbells;;;;;;;;;;;;;;;;;;;;;;
12;Shorts;;;;;;;;;;;;;;;;;;;;;;
12;Sneakers;;;;;;;;;;;;;;;;;;;;;;
13;T-shirt;;;;;;;;;;;;;;;;;;;;;;
13;Shorts;;;;;;;;;;;;;;;;;;;;;;
13;Cap;;;;;;;;;;;;;;;;;;;;;;
13;Ball;;;;;;;;;;;;;;;;;;;;;;
14;Bicycle;;;;;;;;;;;;;;;;;;;;;;
14;Cap;;;;;;;;;;;;;;;;;;;;;;
14;T-shirt;;;;;;;;;;;;;;;;;;;;;;
15;Ball;;;;;;;;;;;;;;;;;;;;;;
15;Sneakers;;;;;;;;;;;;;;;;;;;;;;
15;Shorts;;;;;;;;;;;;;;;;;;;;;;
15;T-shirt;;;;;;;;;;;;;;;;;;;;;;
16;Mat;;;;;;;;;;;;;;;;;;;;;;
16;Dumbbells;;;;;;;;;;;;;;;;;;;;;;
16;Water;;;;;;;;;;;;;;;;;;;;;;
17;T-shirt;;;;;;;;;;;;;;;;;;;;;;
17;Ball;;;;;;;;;;;;;;;;;;;;;;
17;Shorts;;;;;;;;;;;;;;;;;;;;;;
18;Cap;;;;;;;;;;;;;;;;;;;;;;
18;Gloves;;;;;;;;;;;;;;;;;;;;;;
18;Sneakers;;;;;;;;;;;;;;;;;;;;;;
19;T-shirt;;;;;;;;;;;;;;;;;;;;;;
19;Sneakers;;;;;;;;;;;;;;;;;;;;;;
19;Ball;;;;;;;;;;;;;;;;;;;;;;
20;Shorts;;;;;;;;;;;;;;;;;;;;;;
20;T-shirt;;;;;;;;;;;;;;;;;;;;;;
20;Ball;;;;;;;;;;;;;;;;;;;;;;
21;Racket;;;;;;;;;;;;;;;;;;;;;;
21;Cap;;;;;;;;;;;;;;;;;;;;;;
21;T-shirt;;;;;;;;;;;;;;;;;;;;;;
22;Sneakers;;;;;;;;;;;;;;;;;;;;;;
22;Dumbbells;;;;;;;;;;;;;;;;;;;;;;
22;Ball;;;;;;;;;;;;;;;;;;;;;;
23;T-shirt;;;;;;;;;;;;;;;;;;;;;;
23;Cap;;;;;;;;;;;;;;;;;;;;;;
23;Ball;;;;;;;;;;;;;;;;;;;;;;
24;Shorts;;;;;;;;;;;;;;;;;;;;;;
24;T-shirt;;;;;;;;;;;;;;;;;;;;;;
24;Gloves;;;;;;;;;;;;;;;;;;;;;;
25;Sneakers;;;;;;;;;;;;;;;;;;;;;;
25;T-shirt;;;;;;;;;;;;;;;;;;;;;;
25;Ball;;;;;;;;;;;;;;;;;;;;;;
26;Water;;;;;;;;;;;;;;;;;;;;;;
26;T-shirt;;;;;;;;;;;;;;;;;;;;;;
26;Shorts;;;;;;;;;;;;;;;;;;;;;;
26;Cap;;;;;;;;;;;;;;;;;;;;;;
27;T-shirt;;;;;;;;;;;;;;;;;;;;;;
27;Sneakers;;;;;;;;;;;;;;;;;;;;;;
27;Ball;;;;;;;;;;;;;;;;;;;;;;
28;Dumbbells;;;;;;;;;;;;;;;;;;;;;;
28;Mat;;;;;;;;;;;;;;;;;;;;;;
28;T-shirt;;;;;;;;;;;;;;;;;;;;;;
29;T-shirt;;;;;;;;;;;;;;;;;;;;;;
29;Shorts;;;;;;;;;;;;;;;;;;;;;;
29;Ball;;;;;;;;;;;;;;;;;;;;;;
29;Cap;;;;;;;;;;;;;;;;;;;;;;
30;T-shirt;;;;;;;;;;;;;;;;;;;;;;
30;Sneakers;;;;;;;;;;;;;;;;;;;;;;
30;Ball;;;;;;;;;;;;;;;;;;;;;;
30;Shorts;;;;;;;;;;;;;;;;;;;;;;
